title,image_url
For sale apartment 1+kt 39 m²,"https://d18-a.sdn.cz/d_18/c_img_QM_Kb/0vnBjQN.jpeg?fl=res,400,300,3|shr,,20|jpg,90"
For sale apartment 2+kt 51 m²,"https://d18-a.sdn.cz/d_18/c_img_QI_Jl/BagB7YI.jpeg?fl=res,400,300,3|shr,,20|jpg,90"
For sale apartment 2+kt 52 m²,"https://d18-a.sdn.cz/d_18/c_img_QM_Km/3YECCEN.jpeg?fl=res,400,300,3|shr,,20|jpg,90"
For sale apartment 5+kt 203 m²,"https://d18-a.sdn.cz/d_18/c_img_QI_Jm/puhbRs.jpeg?fl=res,400,300,3|shr,,20|jpg,90"
For sale apartment 3+kt 91 m²,"https://d18-a.sdn.cz/d_18/c_img_QQ_Lm/Uj84sC.jpeg?fl=res,400,300,3|shr,,20|jpg,90"
For sale apartment 2+1 60 m²,"https://d18-a.sdn.cz/d_18/c_img_QN_KC/buMTIp.jpeg?fl=res,400,300,3|shr,,20|jpg,90"
For sale apartment 2+1 58 m²,"https://d18-a.sdn.cz/d_18/c_img_QL_J6/bfFod8.jpeg?fl=res,400,300,3|shr,,20|jpg,90"
For sale apartment 3+1 83 m²,"https://d18-a.sdn.cz/d_18/c_img_QM_Kl/hotJQU.jpeg?fl=res,400,300,3|shr,,20|jpg,90"
For sale apartment 2+kt 59 m²,"https://d18-a.sdn.cz/d_18/c_img_QQ_Lo/ElgPpS.jpeg?fl=res,400,300,3|shr,,20|jpg,90"
For sale apartment 2+kt 38 m²,"https://d18-a.sdn.cz/d_18/c_img_QJ_Js/4z9gtw.jpeg?fl=res,400,300,3|shr,,20|jpg,90"
For sale apartment 4+1 94 m²,"https://d18-a.sdn.cz/d_18/c_img_QL_J8/UuKQMN.jpeg?fl=res,400,300,3|shr,,20|jpg,90"
For sale apartment 3+kt 77 m²,"https://d18-a.sdn.cz/d_18/c_img_QO_K5/16bBYnH.jpeg?fl=res,400,300,3|shr,,20|jpg,90"
For sale apartment 2+kt 50 m²,"https://d18-a.sdn.cz/d_18/c_img_QK_Jr/B0I2Ys.jpeg?fl=res,400,300,3|shr,,20|jpg,90"
For sale apartment 2+kt 47 m²,"https://d18-a.sdn.cz/d_18/c_img_QL_J7/gbYBfr3.jpeg?fl=res,400,300,3|shr,,20|jpg,90"
For sale apartment 2+kt 59 m²,"https://d18-a.sdn.cz/d_18/c_img_QQ_Lm/cDSRYq.jpeg?fl=res,400,300,3|shr,,20|jpg,90"
For sale apartment 2+kt 55 m²,"https://d18-a.sdn.cz/d_18/c_img_QN_J9/nNmBJKm.jpeg?fl=res,400,300,3|shr,,20|jpg,90"
For sale apartment 1+kt 34 m²,"https://d18-a.sdn.cz/d_18/c_img_QJ_Js/0Cfiee.jpeg?fl=res,400,300,3|shr,,20|jpg,90"
For sale apartment 2+kt 45 m²,"https://d18-a.sdn.cz/d_18/c_img_QK_Jq/4wfBGty.jpeg?fl=res,400,300,3|shr,,20|jpg,90"
For sale apartment 3+1 93 m²,"https://d18-a.sdn.cz/d_18/c_img_QP_LF/nvhPQ6.jpeg?fl=res,400,300,3|shr,,20|jpg,90"
For sale apartment 1+1 65 m²,"https://d18-a.sdn.cz/d_18/c_img_QK_Jk/VpNRpK.jpeg?fl=res,400,300,3|shr,,20|jpg,90"
For sale apartment 1+kt 39 m²,"https://d18-a.sdn.cz/d_18/c_img_QR_MJ/Jx54DQ.jpeg?fl=res,400,300,3|shr,,20|jpg,90"
For sale apartment 1+kt 39 m²,"https://d18-a.sdn.cz/d_18/c_img_QP_LF/JgQBICE.jpeg?fl=res,400,300,3|shr,,20|jpg,90"
For sale apartment 1+1 39 m²,"https://d18-a.sdn.cz/d_18/c_img_QR_MJ/wno1pW.jpeg?fl=res,400,300,3|shr,,20|jpg,90"
For sale apartment 2+1 57 m²,"https://d18-a.sdn.cz/d_18/c_img_QI_Jl/KhoBe9g.jpeg?fl=res,400,300,3|shr,,20|jpg,90"
For sale apartment 2+1 66 m²,"https://d18-a.sdn.cz/d_18/c_img_QJ_Jr/GM6Bmqs.jpeg?fl=res,400,300,3|shr,,20|jpg,90"
For sale apartment 2+kt 48 m²,"https://d18-a.sdn.cz/d_18/c_img_QR_MJ/wEe3wL.jpeg?fl=res,400,300,3|shr,,20|jpg,90"
For sale apartment 2+1 56 m²,"https://d18-a.sdn.cz/d_18/c_img_QJ_Js/MpziVb.jpeg?fl=res,400,300,3|shr,,20|jpg,90"
For sale apartment 4+kt 120 m²,"https://d18-a.sdn.cz/d_18/c_img_QP_K5/KUWZRH.jpeg?fl=res,400,300,3|shr,,20|jpg,90"
For sale apartment 1+kt 27 m²,"https://d18-a.sdn.cz/d_18/c_img_QJ_Jl/nbVCByE.jpeg?fl=res,400,300,3|shr,,20|jpg,90"
For sale apartment 3+1 84 m²,"https://d18-a.sdn.cz/d_18/c_img_QO_K5/XjMCCwP.jpeg?fl=res,400,300,3|shr,,20|jpg,90"
For sale apartment 1+kt 27 m²,"https://d18-a.sdn.cz/d_18/c_img_QR_MD/CVTRiB.jpeg?fl=res,400,300,3|shr,,20|jpg,90"
For sale apartment 2+1 81 m²,"https://d18-a.sdn.cz/d_18/c_img_QJ_Jr/iYCBkv3.jpeg?fl=res,400,300,3|shr,,20|jpg,90"
For sale apartment 3+1 104 m²,"https://d18-a.sdn.cz/d_18/c_img_QI_Jm/ZWXi6d.jpeg?fl=res,400,300,3|shr,,20|jpg,90"
For sale apartment 2+1 56 m²,"https://d18-a.sdn.cz/d_18/c_img_QJ_Js/wJFiSX.jpeg?fl=res,400,300,3|shr,,20|jpg,90"
For sale apartment 2+kt 54 m²,"https://d18-a.sdn.cz/d_18/c_img_QI_Jl/0x0BYsB.jpeg?fl=res,400,300,3|shr,,20|jpg,90"
For sale apartment 4+1 166 m²,"https://d18-a.sdn.cz/d_18/c_img_QR_MI/hdmB6zu.jpeg?fl=res,400,300,3|shr,,20|jpg,90"
For sale apartment 3+kt 80 m²,"https://d18-a.sdn.cz/d_18/c_img_QJ_Jq/lrxCFWZ.jpeg?fl=res,400,300,3|shr,,20|jpg,90"
For sale apartment 1+kt 41 m²,"https://d18-a.sdn.cz/d_18/c_img_QO_K6/K9S1A0.jpeg?fl=res,400,300,3|shr,,20|jpg,90"
For sale apartment 1+1 57 m²,"https://d18-a.sdn.cz/d_18/c_img_QJ_Js/CNriRE.jpeg?fl=res,400,300,3|shr,,20|jpg,90"
For sale apartment 3+kt 86 m²,"https://d18-a.sdn.cz/d_18/c_img_QN_KC/gg670g.jpeg?fl=res,400,300,3|shr,,20|jpg,90"
For sale apartment 3+1 95 m²,"https://d18-a.sdn.cz/d_18/c_img_QL_Jx/k5fBFG.jpeg?fl=res,400,300,3|shr,,20|jpg,90"
For sale apartment 2+kt 46 m²,"https://d18-a.sdn.cz/d_18/c_img_QI_Jf/2leBwWZ.jpeg?fl=res,400,300,3|shr,,20|jpg,90"
For sale apartment unusual 42 m²,"https://d18-a.sdn.cz/d_18/c_img_QP_K8/2m9BBjU.jpeg?fl=res,400,300,3|shr,,20|jpg,90"
For sale apartment 2+1 75 m²,"https://d18-a.sdn.cz/d_18/c_img_QQ_Lo/k45QvV.jpeg?fl=res,400,300,3|shr,,20|jpg,90"
For sale apartment 5+1 136 m²,"https://d18-a.sdn.cz/d_18/c_img_QJ_Jo/IkDBMA8.jpeg?fl=res,400,300,3|shr,,20|jpg,90"
For sale apartment 2+kt 62 m²,"https://d18-a.sdn.cz/d_18/c_img_QI_Jj/NFdcf1.jpeg?fl=res,400,300,3|shr,,20|jpg,90"
For sale apartment 2+1 56 m²,"https://d18-a.sdn.cz/d_18/c_img_QM_Kn/IcJDdm.jpeg?fl=res,400,300,3|shr,,20|jpg,90"
For sale apartment 2+kt 63 m²,"https://d18-a.sdn.cz/d_18/c_img_QQ_Lm/vabBcxR.jpeg?fl=res,400,300,3|shr,,20|jpg,90"
For sale apartment 3+kt 99 m²,"https://d18-a.sdn.cz/d_18/c_img_QK_Jr/nfwmH5.jpeg?fl=res,400,300,3|shr,,20|jpg,90"
For sale apartment 2+kt 105 m² (Mezonet),"https://d18-a.sdn.cz/d_18/c_img_QO_K5/8V3BphR.jpeg?fl=res,400,300,3|shr,,20|jpg,90"
For sale apartment 4+kt 195 m² (Attic),"https://d18-a.sdn.cz/d_18/c_img_QP_LG/Kg9klO.jpeg?fl=res,400,300,3|shr,,20|jpg,90"
For sale apartment 2+kt 44 m²,"https://d18-a.sdn.cz/d_18/c_img_QM_Km/vyoBz6j.jpeg?fl=res,400,300,3|shr,,20|jpg,90"
For sale apartment 2+kt 55 m²,"https://d18-a.sdn.cz/d_18/c_img_QN_KC/W7FlJA.jpeg?fl=res,400,300,3|shr,,20|jpg,90"
For sale apartment 2+kt 52 m²,"https://d18-a.sdn.cz/d_18/c_img_QN_KC/sVwlFU.jpeg?fl=res,400,300,3|shr,,20|jpg,90"
For sale apartment 2+1 67 m²,"https://d18-a.sdn.cz/d_18/c_img_QL_J8/Jwg74S.jpeg?fl=res,400,300,3|shr,,20|jpg,90"
For sale apartment 4+1 105 m²,"https://d18-a.sdn.cz/d_18/c_img_QL_J8/jf175o.jpeg?fl=res,400,300,3|shr,,20|jpg,90"
For sale apartment 4+kt 109 m²,"https://d18-a.sdn.cz/d_18/c_img_QR_MJ/y8u3po.jpeg?fl=res,400,300,3|shr,,20|jpg,90"
For sale apartment 2+1 54 m²,"https://d18-a.sdn.cz/d_18/c_img_QK_Jr/8eE8CW.jpeg?fl=res,400,300,3|shr,,20|jpg,90"
For sale apartment 2+kt 50 m²,"https://d18-a.sdn.cz/d_18/c_img_QP_LG/NJJ7Kx.jpeg?fl=res,400,300,3|shr,,20|jpg,90"
For sale apartment 2+1 62 m²,"https://d18-a.sdn.cz/d_18/c_img_QQ_Lo/a7kQq8.jpeg?fl=res,400,300,3|shr,,20|jpg,90"
For sale apartment 3+kt 81 m²,"https://d18-a.sdn.cz/d_18/c_img_QJ_Jm/w3l3pc.jpeg?fl=res,400,300,3|shr,,20|jpg,90"
For sale apartment 1+1 40 m²,"https://d18-a.sdn.cz/d_18/c_img_QN_J9/njSMLD.jpeg?fl=res,400,300,3|shr,,20|jpg,90"
For sale apartment 3+1 101 m²,"https://d18-a.sdn.cz/d_18/c_img_QK_Jp/IPUFBB.jpeg?fl=res,400,300,3|shr,,20|jpg,90"
For sale apartment 3+kt 69 m²,"https://d18-a.sdn.cz/d_18/c_img_QR_MI/zymBahG.jpeg?fl=res,400,300,3|shr,,20|jpg,90"
For sale apartment 3+1 67 m²,"https://d18-a.sdn.cz/d_18/c_img_QK_Jo/nccBMSD.jpeg?fl=res,400,300,3|shr,,20|jpg,90"
For sale apartment 2+1 58 m²,"https://d18-a.sdn.cz/d_18/c_img_QO_K5/ORp4UF.jpeg?fl=res,400,300,3|shr,,20|jpg,90"
For sale apartment 3+1 59 m²,"https://d18-a.sdn.cz/d_18/c_img_QM_Kn/cElGpO.jpeg?fl=res,400,300,3|shr,,20|jpg,90"
For sale apartment 3+1 78 m²,"https://d18-a.sdn.cz/d_18/c_img_QK_Jq/rF7CGBV.jpeg?fl=res,400,300,3|shr,,20|jpg,90"
For sale apartment 3+kt 66 m²,"https://d18-a.sdn.cz/d_18/c_img_QR_MJ/X2R3a1.jpeg?fl=res,400,300,3|shr,,20|jpg,90"
For sale apartment 4+kt 101 m² (Mezonet),"https://d18-a.sdn.cz/d_18/c_img_QK_Jr/MUe1cV.jpeg?fl=res,400,300,3|shr,,20|jpg,90"
For sale apartment 5+kt 159 m²,"https://d18-a.sdn.cz/d_18/c_img_QQ_Ll/pwaRAy.jpeg?fl=res,400,300,3|shr,,20|jpg,90"
For sale apartment 6 rooms plus 159 m²,"https://d18-a.sdn.cz/d_18/c_img_QL_J7/HXXj7y.jpeg?fl=res,400,300,3|shr,,20|jpg,90"
For sale apartment 2+kt 83 m²,"https://d18-a.sdn.cz/d_18/c_img_QO_K2/4KJBdWP.jpeg?fl=res,400,300,3|shr,,20|jpg,90"
For sale apartment 4+1 79 m²,"https://d18-a.sdn.cz/d_18/c_img_QI_Jk/DWTBEiN.mpo?fl=res,400,300,3|shr,,20|jpg,90"
For sale apartment 3+kt 69 m²,"https://d18-a.sdn.cz/d_18/c_img_QI_Jl/b7UBoky.jpeg?fl=res,400,300,3|shr,,20|jpg,90"
For sale apartment 2+kt 53 m²,"https://d18-a.sdn.cz/d_18/c_img_QR_MJ/7oM3fj.jpeg?fl=res,400,300,3|shr,,20|jpg,90"
For sale apartment 2+kt 73 m²,"https://d18-a.sdn.cz/d_18/c_img_QN_KB/jdzBrIT.jpeg?fl=res,400,300,3|shr,,20|jpg,90"
For sale apartment 4+kt 103 m²,"https://d18-a.sdn.cz/d_18/c_img_QK_Jr/ceGOC.jpeg?fl=res,400,300,3|shr,,20|jpg,90"
For sale apartment 3+1 70 m²,"https://d18-a.sdn.cz/d_18/c_img_QN_KA/LPZBBT6.mpo?fl=res,400,300,3|shr,,20|jpg,90"
For sale apartment 1+1 42 m²,"https://d18-a.sdn.cz/d_18/c_img_QR_MI/JxoBpP3.jpeg?fl=res,400,300,3|shr,,20|jpg,90"
For sale apartment 2+kt 53 m²,"https://d18-a.sdn.cz/d_18/c_img_QP_K7/5jeBTKW.jpeg?fl=res,400,300,3|shr,,20|jpg,90"
For sale apartment 3+1 67 m²,"https://d18-a.sdn.cz/d_18/c_img_QI_Jl/OBeV12.jpeg?fl=res,400,300,3|shr,,20|jpg,90"
For sale apartment 2+kt 62 m²,"https://d18-a.sdn.cz/d_18/c_img_QO_K6/VVGwSr.jpeg?fl=res,400,300,3|shr,,20|jpg,90"
For sale apartment 3+kt 71 m²,"https://d18-a.sdn.cz/d_18/c_img_QI_Jl/woCBZgZ.jpeg?fl=res,400,300,3|shr,,20|jpg,90"
For sale apartment 4+kt 121 m²,"https://d18-a.sdn.cz/d_18/c_img_QQ_Lo/8W6QiZ.jpeg?fl=res,400,300,3|shr,,20|jpg,90"
For sale apartment 2+kt 57 m²,"https://d18-a.sdn.cz/d_18/c_img_QR_MJ/WzmtdJ.jpeg?fl=res,400,300,3|shr,,20|jpg,90"
For sale apartment 1+1 36 m²,"https://d18-a.sdn.cz/d_18/c_img_QP_LG/dtc2hM.jpeg?fl=res,400,300,3|shr,,20|jpg,90"
For sale apartment 4+1 79 m²,"https://d18-a.sdn.cz/d_18/c_img_QP_LG/OCs7Gy.jpeg?fl=res,400,300,3|shr,,20|jpg,90"
For sale apartment 3+kt 81 m²,"https://d18-a.sdn.cz/d_18/c_img_QR_MJ/W3L3bC.jpeg?fl=res,400,300,3|shr,,20|jpg,90"
For sale apartment 2+1 66 m²,"https://d18-a.sdn.cz/d_18/c_img_QK_Jq/iOGB3NS.jpeg?fl=res,400,300,3|shr,,20|jpg,90"
For sale apartment 2+1 65 m²,"https://d18-a.sdn.cz/d_18/c_img_QI_Jk/FA8BZkd.jpeg?fl=res,400,300,3|shr,,20|jpg,90"
For sale apartment 3+kt 92 m²,"https://d18-a.sdn.cz/d_18/c_img_QK_Jq/ceiB71s.jpeg?fl=res,400,300,3|shr,,20|jpg,90"
For sale apartment 3+1 71 m²,"https://d18-a.sdn.cz/d_18/c_img_QN_KB/ejQ9ak.jpeg?fl=res,400,300,3|shr,,20|jpg,90"
For sale apartment 2+kt 58 m²,"https://d18-a.sdn.cz/d_18/c_img_QP_LF/Zm6B66E.jpeg?fl=res,400,300,3|shr,,20|jpg,90"
For sale apartment 2+kt 69 m²,"https://d18-a.sdn.cz/d_18/c_img_QJ_Jo/8wfBmjS.jpeg?fl=res,400,300,3|shr,,20|jpg,90"
For sale apartment 2+kt 53 m²,"https://d18-a.sdn.cz/d_18/c_img_QI_Jl/kZ3BwPD.jpeg?fl=res,400,300,3|shr,,20|jpg,90"
For sale apartment 2+kt 71 m²,"https://d18-a.sdn.cz/d_18/c_img_QR_MI/0nHCB0j.jpeg?fl=res,400,300,3|shr,,20|jpg,90"
For sale apartment 3+kt 75 m²,"https://d18-a.sdn.cz/d_18/c_img_QQ_Lm/XswBb8W.jpeg?fl=res,400,300,3|shr,,20|jpg,90"
For sale apartment 4+kt 70 m²,"https://d18-a.sdn.cz/d_18/c_img_QI_Jm/y13iom.jpeg?fl=res,400,300,3|shr,,20|jpg,90"
For sale apartment 2+1 78 m² (Attic),"https://d18-a.sdn.cz/d_18/c_img_QK_Jq/DkJB5Vh.jpeg?fl=res,400,300,3|shr,,20|jpg,90"
For sale apartment 4+1 97 m²,"https://d18-a.sdn.cz/d_18/c_img_QK_Jq/LXNCD4J.jpeg?fl=res,400,300,3|shr,,20|jpg,90"
For sale apartment 2+1 56 m²,"https://d18-a.sdn.cz/d_18/c_img_QK_Jq/UmRCD9u.jpeg?fl=res,400,300,3|shr,,20|jpg,90"
For sale apartment 2+1 57 m²,"https://d18-a.sdn.cz/d_18/c_img_QR_MI/jKMB9Xq.jpeg?fl=res,400,300,3|shr,,20|jpg,90"
For sale apartment 3+1 47 m²,"https://d18-a.sdn.cz/d_18/c_img_QM_Km/aO8BNHR.jpeg?fl=res,400,300,3|shr,,20|jpg,90"
For sale apartment 2+1 58 m²,"https://d18-a.sdn.cz/d_18/c_img_QM_Km/UypriK.jpeg?fl=res,400,300,3|shr,,20|jpg,90"
For sale apartment 3+kt 85 m²,"https://d18-a.sdn.cz/d_18/c_img_QJ_Jr/YwTBfl0.jpeg?fl=res,400,300,3|shr,,20|jpg,90"
For sale apartment 2+1 63 m²,"https://d18-a.sdn.cz/d_18/c_img_QN_KB/3IDCDYY.jpeg?fl=res,400,300,3|shr,,20|jpg,90"
For sale apartment 4+1 97 m²,"https://d18-a.sdn.cz/d_18/c_img_QI_Jm/9KViYd.jpeg?fl=res,400,300,3|shr,,20|jpg,90"
For sale apartment 1+1 33 m²,"https://d18-a.sdn.cz/d_18/c_img_QL_J8/tnq71q.jpeg?fl=res,400,300,3|shr,,20|jpg,90"
For sale apartment 3+kt 85 m²,"https://d18-a.sdn.cz/d_18/c_img_QI_Jm/u7pinR.jpeg?fl=res,400,300,3|shr,,20|jpg,90"
For sale apartment 3+kt 93 m²,"https://d18-a.sdn.cz/d_18/c_img_QI_Jm/AAAinJ.jpeg?fl=res,400,300,3|shr,,20|jpg,90"
For sale apartment 3+kt 86 m²,"https://d18-a.sdn.cz/d_18/c_img_QI_Jm/p1LinD.jpeg?fl=res,400,300,3|shr,,20|jpg,90"
For sale apartment 1+kt 61 m²,"https://d18-a.sdn.cz/d_18/c_img_QN_KC/hSt7jT.jpeg?fl=res,400,300,3|shr,,20|jpg,90"
For sale apartment 3+kt 66 m²,"https://d18-a.sdn.cz/d_18/c_img_QN_KC/qvV7ir.jpeg?fl=res,400,300,3|shr,,20|jpg,90"
For sale apartment 2+kt 85 m²,"https://d18-a.sdn.cz/d_18/c_img_QN_KC/QB57jP.jpeg?fl=res,400,300,3|shr,,20|jpg,90"
For sale apartment 3+kt 86 m²,"https://d18-a.sdn.cz/d_18/c_img_QO_K6/wbz0ru.jpeg?fl=res,400,300,3|shr,,20|jpg,90"
For sale apartment 4+kt 112 m²,"https://d18-a.sdn.cz/d_18/c_img_QI_Jm/oJTinl.jpeg?fl=res,400,300,3|shr,,20|jpg,90"
For sale apartment 2+1 68 m²,"https://d18-a.sdn.cz/d_18/c_img_QO_K5/2vdBtdP.jpeg?fl=res,400,300,3|shr,,20|jpg,90"
For sale apartment 3+kt 70 m²,"https://d18-a.sdn.cz/d_18/c_img_QR_MI/z3pBtAz.jpeg?fl=res,400,300,3|shr,,20|jpg,90"
For sale apartment 1+kt 43 m²,"https://d18-a.sdn.cz/d_18/c_img_QK_Jr/TPcoGs.jpeg?fl=res,400,300,3|shr,,20|jpg,90"
For sale apartment 3+kt 101 m²,"https://d18-a.sdn.cz/d_18/c_img_QP_K5/jIkItV.jpeg?fl=res,400,300,3|shr,,20|jpg,90"
For sale apartment 4+kt 97 m²,"https://d18-a.sdn.cz/d_18/c_img_QJ_Js/dEoft1.jpeg?fl=res,400,300,3|shr,,20|jpg,90"
For sale apartment 4+kt 109 m²,"https://d18-a.sdn.cz/d_18/c_img_QI_Jm/LPXi1C.jpeg?fl=res,400,300,3|shr,,20|jpg,90"
For sale apartment 2+kt 45 m²,"https://d18-a.sdn.cz/d_18/c_img_QK_Jr/z1A75J.jpeg?fl=res,400,300,3|shr,,20|jpg,90"
For sale apartment 3+1 81 m²,"https://d18-a.sdn.cz/d_18/c_img_QQ_Lm/SPF7wY.jpeg?fl=res,400,300,3|shr,,20|jpg,90"
For sale apartment 3+1 75 m²,"https://d18-a.sdn.cz/d_18/c_img_QP_LG/HYwCxI.jpeg?fl=res,400,300,3|shr,,20|jpg,90"
For sale apartment 4+1 79 m²,"https://d18-a.sdn.cz/d_18/c_img_QJ_Js/1mILn3.jpeg?fl=res,400,300,3|shr,,20|jpg,90"
For sale apartment 2+kt 55 m²,"https://d18-a.sdn.cz/d_18/c_img_QL_J7/xggB5W0.jpeg?fl=res,400,300,3|shr,,20|jpg,90"
For sale apartment 1+kt 29 m²,"https://d18-a.sdn.cz/d_18/c_img_QN_KC/YDVyRU.jpeg?fl=res,400,300,3|shr,,20|jpg,90"
For sale apartment 3+1 128 m² (Mezonet),"https://d18-a.sdn.cz/d_18/c_img_QM_Km/kh6BPQa.jpeg?fl=res,400,300,3|shr,,20|jpg,90"
For sale apartment 5+kt 161 m² (Mezonet),"https://d18-a.sdn.cz/d_18/c_img_QJ_Jr/rl5Bqxc.jpeg?fl=res,400,300,3|shr,,20|jpg,90"
For sale apartment 5+kt 281 m²,"https://d18-a.sdn.cz/d_18/c_img_QJ_Jp/qekCEKE.jpeg?fl=res,400,300,3|shr,,20|jpg,90"
For sale apartment 2+kt 119 m²,"https://d18-a.sdn.cz/d_18/c_img_QM_Km/nB1CCDA.jpeg?fl=res,400,300,3|shr,,20|jpg,90"
For sale apartment 4+1 97 m²,"https://d18-a.sdn.cz/d_18/c_img_QR_MI/r63u6k.jpeg?fl=res,400,300,3|shr,,20|jpg,90"
For sale apartment 2+kt 81 m²,"https://d18-a.sdn.cz/d_18/c_img_QN_KC/UBe5TD.jpeg?fl=res,400,300,3|shr,,20|jpg,90"
For sale apartment 2+1 65 m²,"https://d18-a.sdn.cz/d_18/c_img_QK_Jr/4SK73t.jpeg?fl=res,400,300,3|shr,,20|jpg,90"
For sale apartment 3+1 91 m²,"https://d18-a.sdn.cz/d_18/c_img_QL_J7/hXWBvEX.jpeg?fl=res,400,300,3|shr,,20|jpg,90"
For sale apartment 1+kt 36 m²,"https://d18-a.sdn.cz/d_18/c_img_QL_J7/jmTCDrp.jpeg?fl=res,400,300,3|shr,,20|jpg,90"
For sale apartment 3+1 65 m²,"https://d18-a.sdn.cz/d_18/c_img_QN_KC/A3W7ft.jpeg?fl=res,400,300,3|shr,,20|jpg,90"
For sale apartment 3+kt 88 m²,"https://d18-a.sdn.cz/d_18/c_img_QL_J7/cgzB05r.jpeg?fl=res,400,300,3|shr,,20|jpg,90"
For sale apartment 4+1 91 m²,"https://d18-a.sdn.cz/d_18/c_img_QO_K6/nV2j6c.jpeg?fl=res,400,300,3|shr,,20|jpg,90"
For sale apartment 2+1 46 m²,"https://d18-a.sdn.cz/d_18/c_img_QN_KC/GQy5T0.jpeg?fl=res,400,300,3|shr,,20|jpg,90"
For sale apartment 4+kt 170 m²,"https://d18-a.sdn.cz/d_18/c_img_QJ_Jr/hZaBmUk.jpeg?fl=res,400,300,3|shr,,20|jpg,90"
For sale apartment 1+kt 32 m²,"https://d18-a.sdn.cz/d_18/c_img_QK_Jr/P4S3df.jpeg?fl=res,400,300,3|shr,,20|jpg,90"
For sale apartment 4+kt 89 m²,"https://d18-a.sdn.cz/d_18/c_img_gZ_r/lJ91zn.jpeg?fl=res,400,300,3|shr,,20|jpg,90"
For sale apartment 4+kt 97 m²,"https://d18-a.sdn.cz/d_18/c_img_QP_LG/lwGzPu.jpeg?fl=res,400,300,3|shr,,20|jpg,90"
For sale apartment 4+1 110 m²,"https://d18-a.sdn.cz/d_18/c_img_QN_KC/tOLRv0.jpeg?fl=res,400,300,3|shr,,20|jpg,90"
For sale apartment 3+1 112 m²,"https://d18-a.sdn.cz/d_18/c_img_QL_J7/xYxBqLr.jpeg?fl=res,400,300,3|shr,,20|jpg,90"
For sale apartment 1+1 64 m²,"https://d18-a.sdn.cz/d_18/c_img_QR_MJ/TsGars.jpeg?fl=res,400,300,3|shr,,20|jpg,90"
Share 1/8 apartment 3+1 106 m²,"https://d18-a.sdn.cz/d_18/c_img_QM_Kn/SEbGQC.jpeg?fl=res,400,300,3|shr,,20|jpg,90"
For sale apartment 1+kt 21 m²,"https://d18-a.sdn.cz/d_18/c_img_QM_Kn/wGmEGO.jpeg?fl=res,400,300,3|shr,,20|jpg,90"
For sale apartment 2+kt 44 m²,"https://d18-a.sdn.cz/d_18/c_img_QM_Kc/pF5BiVP.jpeg?fl=res,400,300,3|shr,,20|jpg,90"
For sale apartment 2+1 57 m²,"https://d18-a.sdn.cz/d_18/c_img_QJ_Jp/hREBPzy.jpeg?fl=res,400,300,3|shr,,20|jpg,90"
For sale apartment 4+1 204 m²,"https://d18-a.sdn.cz/d_18/c_img_QO_K2/3FdBZ7n.jpeg?fl=res,400,300,3|shr,,20|jpg,90"
For sale apartment 2+1 61 m²,"https://d18-a.sdn.cz/d_18/c_img_QJ_Jr/mp3BTls.jpeg?fl=res,400,300,3|shr,,20|jpg,90"
For sale apartment 2+kt 40 m²,"https://d18-a.sdn.cz/d_18/c_img_QP_LG/46g7EW.jpeg?fl=res,400,300,3|shr,,20|jpg,90"
For sale apartment 3+kt 76 m²,"https://d18-a.sdn.cz/d_18/c_img_QM_Kl/fSxGCe.jpeg?fl=res,400,300,3|shr,,20|jpg,90"
For sale apartment 5+1 196 m² (Attic),"https://d18-a.sdn.cz/d_18/c_img_QP_LG/C5H7ab.jpeg?fl=res,400,300,3|shr,,20|jpg,90"
For sale apartment 2+kt 95 m²,"https://d18-a.sdn.cz/d_18/c_img_QI_Jh/pTuR5C.jpeg?fl=res,400,300,3|shr,,20|jpg,90"
For sale apartment 3+kt 140 m²,"https://d18-a.sdn.cz/d_18/c_img_QR_MD/zjAB6Zk.jpeg?fl=res,400,300,3|shr,,20|jpg,90"
For sale apartment 2+kt 52 m² (Mezonet),"https://d18-a.sdn.cz/d_18/c_img_QQ_Ll/3fpxux.jpeg?fl=res,400,300,3|shr,,20|jpg,90"
For sale apartment 3+1 70 m²,"https://d18-a.sdn.cz/d_18/c_img_QN_KB/ZJmBqLB.jpeg?fl=res,400,300,3|shr,,20|jpg,90"
For sale apartment 2+1 77 m²,"https://d18-a.sdn.cz/d_18/c_img_QI_Jl/chVBYDl.jpeg?fl=res,400,300,3|shr,,20|jpg,90"
For sale apartment 2+1 73 m²,"https://d18-a.sdn.cz/d_18/c_img_QI_Jm/epLgWG.jpeg?fl=res,400,300,3|shr,,20|jpg,90"
For sale apartment 1+1 53 m²,"https://d18-a.sdn.cz/d_18/c_img_QJ_Jr/CKqUow.jpeg?fl=res,400,300,3|shr,,20|jpg,90"
For sale apartment 3+1 66 m²,"https://d18-a.sdn.cz/d_18/c_img_QQ_Lm/Nc2djX.jpeg?fl=res,400,300,3|shr,,20|jpg,90"
For sale apartment 2+1 60 m²,"https://d18-a.sdn.cz/d_18/c_img_QJ_Js/sIfCMz.jpeg?fl=res,400,300,3|shr,,20|jpg,90"
For sale apartment 3+kt 101 m²,"https://d18-a.sdn.cz/d_18/c_img_QP_LG/PjM68D.jpeg?fl=res,400,300,3|shr,,20|jpg,90"
For sale apartment 4+kt 99 m²,"https://d18-a.sdn.cz/d_18/c_img_QJ_Jr/qgqBqii.jpeg?fl=res,400,300,3|shr,,20|jpg,90"
For sale apartment 3+kt 79 m²,"https://d18-a.sdn.cz/d_18/c_img_gY_q/MYlB4P4.jpeg?fl=res,400,300,3|shr,,20|jpg,90"
For sale apartment 4+kt 117 m²,"https://d18-a.sdn.cz/d_18/c_img_gS_p/XGBPx.jpeg?fl=res,400,300,3|shr,,20|jpg,90"
For sale apartment 2+kt 56 m²,"https://d18-a.sdn.cz/d_18/c_img_gX_q/GSfB8Cm.jpeg?fl=res,400,300,3|shr,,20|jpg,90"
For sale apartment 4+kt 101 m²,"https://d18-a.sdn.cz/d_18/c_img_QP_K8/UCNBcAZ.jpeg?fl=res,400,300,3|shr,,20|jpg,90"
For sale apartment 2+kt 54 m²,"https://d18-a.sdn.cz/d_18/c_img_QP_Kx/IzijmP.jpeg?fl=res,400,300,3|shr,,20|jpg,90"
For sale apartment 3+kt 79 m²,"https://d18-a.sdn.cz/d_18/c_img_QR_L5/xFgB52I.jpeg?fl=res,400,300,3|shr,,20|jpg,90"
For sale apartment 3+kt 89 m²,"https://d18-a.sdn.cz/d_18/c_img_QL_J7/jP5cXV.jpeg?fl=res,400,300,3|shr,,20|jpg,90"
For sale apartment 2+kt 56 m²,"https://d18-a.sdn.cz/d_18/c_img_QR_L2/J1oiVs.jpeg?fl=res,400,300,3|shr,,20|jpg,90"
For sale apartment 2+kt 54 m²,"https://d18-a.sdn.cz/d_18/c_img_QQ_LX/pdIp9l.jpeg?fl=res,400,300,3|shr,,20|jpg,90"
For sale apartment 3+1 149 m²,"https://d18-a.sdn.cz/d_18/c_img_QK_Jr/jrbrwn.jpeg?fl=res,400,300,3|shr,,20|jpg,90"
For sale apartment 3+kt 79 m²,"https://d18-a.sdn.cz/d_18/c_img_gU_p/DnwB7Z3.jpeg?fl=res,400,300,3|shr,,20|jpg,90"
For sale apartment 3+kt 105 m² (Mezonet),"https://d18-a.sdn.cz/d_18/c_img_QK_JZ/rf9ZSg.jpeg?fl=res,400,300,3|shr,,20|jpg,90"
For sale apartment 4+kt 115 m²,"https://d18-a.sdn.cz/d_18/c_img_gT_s/VRHB9SS.jpeg?fl=res,400,300,3|shr,,20|jpg,90"
For sale apartment 3+kt 73 m²,"https://d18-a.sdn.cz/d_18/c_img_QR_L5/KBNB6zm.jpeg?fl=res,400,300,3|shr,,20|jpg,90"
For sale apartment 1+kt 36 m²,"https://d18-a.sdn.cz/d_18/c_img_gY_p/l9bhgO.jpeg?fl=res,400,300,3|shr,,20|jpg,90"
For sale apartment 1+kt 34 m²,"https://d18-a.sdn.cz/d_18/c_img_QP_Kz/jdoKuN.jpeg?fl=res,400,300,3|shr,,20|jpg,90"
For sale apartment 2+kt 57 m²,"https://d18-a.sdn.cz/d_18/c_img_QN_KB/wpJBZBA.jpeg?fl=res,400,300,3|shr,,20|jpg,90"
For sale apartment 3+kt 70 m²,"https://d18-a.sdn.cz/d_18/c_img_QK_Jq/wczBnk8.jpeg?fl=res,400,300,3|shr,,20|jpg,90"
For sale apartment 2+1 64 m²,"https://d18-a.sdn.cz/d_18/c_img_QM_Km/YqwwYa.jpeg?fl=res,400,300,3|shr,,20|jpg,90"
For sale apartment 3+1 73 m²,"https://d18-a.sdn.cz/d_18/c_img_QR_MI/iZSBjJx.jpeg?fl=res,400,300,3|shr,,20|jpg,90"
For sale apartment 4+kt 118 m²,"https://d18-a.sdn.cz/d_18/c_img_QN_KB/hSuBnd6.jpeg?fl=res,400,300,3|shr,,20|jpg,90"
For sale apartment 3+kt 76 m²,"https://d18-a.sdn.cz/d_18/c_img_QR_MI/7PvBjJw.jpeg?fl=res,400,300,3|shr,,20|jpg,90"
For sale apartment 3+1 102 m²,"https://d18-a.sdn.cz/d_18/c_img_QO_K5/Z2gBgp9.jpeg?fl=res,400,300,3|shr,,20|jpg,90"
For sale apartment 1+kt 34 m²,"https://d18-a.sdn.cz/d_18/c_img_QM_Km/oyywWo.jpeg?fl=res,400,300,3|shr,,20|jpg,90"
For sale apartment 1+1 42 m²,"https://d18-a.sdn.cz/d_18/c_img_QP_LG/pNPMt2.jpeg?fl=res,400,300,3|shr,,20|jpg,90"
For sale apartment 1+kt 29 m²,"https://d18-a.sdn.cz/d_18/c_img_QK_Jr/SKtMry.jpeg?fl=res,400,300,3|shr,,20|jpg,90"
For sale apartment 4+1 140 m²,"https://d18-a.sdn.cz/d_18/c_img_QQ_Lm/s8SZWV.jpeg?fl=res,400,300,3|shr,,20|jpg,90"
For sale apartment 3+kt 75 m²,"https://d18-a.sdn.cz/d_18/c_img_gR_o/maRhcZ.jpeg?fl=res,400,300,3|shr,,20|jpg,90"
For sale apartment 3+kt 72 m²,"https://d18-a.sdn.cz/d_18/c_img_QO_Kv/RLOJqx.jpeg?fl=res,400,300,3|shr,,20|jpg,90"
For sale apartment 2+kt 63 m²,"https://d18-a.sdn.cz/d_18/c_img_gT_r/yjxhoH.jpeg?fl=res,400,300,3|shr,,20|jpg,90"
For sale apartment 3+kt 79 m²,"https://d18-a.sdn.cz/d_18/c_img_QJ_Jr/XGwScV.jpeg?fl=res,400,300,3|shr,,20|jpg,90"
For sale apartment 4+kt 111 m²,"https://d18-a.sdn.cz/d_18/c_img_QR_L4/SaQUKn.jpeg?fl=res,400,300,3|shr,,20|jpg,90"
For sale apartment 2+kt 54 m²,"https://d18-a.sdn.cz/d_18/c_img_QQ_Lm/ghQlpy.jpeg?fl=res,400,300,3|shr,,20|jpg,90"
For sale apartment 3+kt 89 m²,"https://d18-a.sdn.cz/d_18/c_img_QQ_Ld/p6BBbwv.jpeg?fl=res,400,300,3|shr,,20|jpg,90"
For sale apartment 3+kt 79 m²,"https://d18-a.sdn.cz/d_18/c_img_gU_o/ALml0r.jpeg?fl=res,400,300,3|shr,,20|jpg,90"
For sale apartment 1+kt 32 m²,"https://d18-a.sdn.cz/d_18/c_img_QO_K2/qH10a1.jpeg?fl=res,400,300,3|shr,,20|jpg,90"
For sale apartment 3+kt 89 m²,"https://d18-a.sdn.cz/d_18/c_img_QM_Kd/eUGO6D.jpeg?fl=res,400,300,3|shr,,20|jpg,90"
For sale apartment 4+kt 94 m²,"https://d18-a.sdn.cz/d_18/c_img_QR_ME/WQdOyq.jpeg?fl=res,400,300,3|shr,,20|jpg,90"
For sale apartment 2+kt 72 m² (Attic),"https://d18-a.sdn.cz/d_18/c_img_QR_ME/YiQIM3.jpeg?fl=res,400,300,3|shr,,20|jpg,90"
For sale apartment 4+kt 177 m²,"https://d18-a.sdn.cz/d_18/c_img_QJ_Jo/W9sJdB.jpeg?fl=res,400,300,3|shr,,20|jpg,90"
For sale apartment 2+kt 54 m²,"https://d18-a.sdn.cz/d_18/c_img_gW_p/ncyx7K.jpeg?fl=res,400,300,3|shr,,20|jpg,90"
For sale apartment 2+kt 72 m²,"https://d18-a.sdn.cz/d_18/c_img_QI_Ji/dDxJu8.jpeg?fl=res,400,300,3|shr,,20|jpg,90"
For sale apartment 3+kt 113 m²,"https://d18-a.sdn.cz/d_18/c_img_QL_J5/47VBvbc.jpeg?fl=res,400,300,3|shr,,20|jpg,90"
For sale apartment 4+kt 112 m²,"https://d18-a.sdn.cz/d_18/c_img_QO_K0/1i6BCvl.jpeg?fl=res,400,300,3|shr,,20|jpg,90"
For sale apartment 3+kt 63 m²,"https://d18-a.sdn.cz/d_18/c_img_QL_J8/411j8V.jpeg?fl=res,400,300,3|shr,,20|jpg,90"
For sale apartment 3+1 82 m²,"https://d18-a.sdn.cz/d_18/c_img_QR_MJ/FL5mv6.jpeg?fl=res,400,300,3|shr,,20|jpg,90"
For sale apartment 3+1 79 m²,"https://d18-a.sdn.cz/d_18/c_img_QR_MJ/CqAgfd.jpeg?fl=res,400,300,3|shr,,20|jpg,90"
For sale apartment 2+kt 47 m²,"https://d18-a.sdn.cz/d_18/c_img_QI_Jm/s9jLnm.jpeg?fl=res,400,300,3|shr,,20|jpg,90"
For sale apartment 2+kt 54 m²,"https://d18-a.sdn.cz/d_18/c_img_QQ_Lm/agHBQEW.jpeg?fl=res,400,300,3|shr,,20|jpg,90"
For sale apartment 2+kt 51 m²,"https://d18-a.sdn.cz/d_18/c_img_QM_Kl/PbFOw6.jpeg?fl=res,400,300,3|shr,,20|jpg,90"
For sale apartment 2+1 48 m²,"https://d18-a.sdn.cz/d_18/c_img_QN_KC/hobxx6.jpeg?fl=res,400,300,3|shr,,20|jpg,90"
For sale apartment 2+kt 53 m²,"https://d18-a.sdn.cz/d_18/c_img_gX_p/R5Fx4Y.jpeg?fl=res,400,300,3|shr,,20|jpg,90"
For sale apartment 2+kt 51 m²,"https://d18-a.sdn.cz/d_18/c_img_QR_MI/xOvB6M1.jpeg?fl=res,400,300,3|shr,,20|jpg,90"
For sale apartment 4+kt 178 m²,"https://d18-a.sdn.cz/d_18/c_img_QR_MJ/I6XO7y.jpeg?fl=res,400,300,3|shr,,20|jpg,90"
For sale apartment 2+1 55 m²,"https://d18-a.sdn.cz/d_18/c_img_QM_Km/pC8PEt.jpeg?fl=res,400,300,3|shr,,20|jpg,90"
For sale apartment 2+kt 50 m²,"https://d18-a.sdn.cz/d_18/c_img_QO_K6/IhluHt.jpeg?fl=res,400,300,3|shr,,20|jpg,90"
For sale apartment 3+1 64 m²,"https://d18-a.sdn.cz/d_18/c_img_QN_KC/YGh7bu.jpeg?fl=res,400,300,3|shr,,20|jpg,90"
For sale apartment 1+1 40 m²,"https://d18-a.sdn.cz/d_18/c_img_QI_Jm/2qfRnS.jpeg?fl=res,400,300,3|shr,,20|jpg,90"
For sale apartment 2+kt 90 m²,"https://d18-a.sdn.cz/d_18/c_img_QK_Jr/WyhRuR.jpeg?fl=res,400,300,3|shr,,20|jpg,90"
For sale apartment 3+kt 83 m²,"https://d18-a.sdn.cz/d_18/c_img_QL_J5/8qdU0N.jpeg?fl=res,400,300,3|shr,,20|jpg,90"
For sale apartment 3+kt 76 m²,"https://d18-a.sdn.cz/d_18/c_img_QI_JZ/NE8f5Q.jpeg?fl=res,400,300,3|shr,,20|jpg,90"
For sale apartment 3+kt 131 m² (Mezonet),"https://d18-a.sdn.cz/d_18/c_img_QO_K2/2tfBaQd.jpeg?fl=res,400,300,3|shr,,20|jpg,90"
For sale apartment 3+kt 91 m²,"https://d18-a.sdn.cz/d_18/c_img_QP_LF/V2g6sd.jpeg?fl=res,400,300,3|shr,,20|jpg,90"
For sale apartment 3+kt 135 m² (Attic),"https://d18-a.sdn.cz/d_18/c_img_QO_K5/SlW836.jpeg?fl=res,400,300,3|shr,,20|jpg,90"
For sale apartment 3+kt 119 m²,"https://d18-a.sdn.cz/d_18/c_img_QL_J5/PeABUSs.jpeg?fl=res,400,300,3|shr,,20|jpg,90"
For sale apartment 2+kt 45 m²,"https://d18-a.sdn.cz/d_18/c_img_QQ_Lg/NENBwvM.jpeg?fl=res,400,300,3|shr,,20|jpg,90"
For sale apartment 3+kt 118 m²,"https://d18-a.sdn.cz/d_18/c_img_QR_MJ/c5S2iR.jpeg?fl=res,400,300,3|shr,,20|jpg,90"
For sale apartment 4+kt 108 m²,"https://d18-a.sdn.cz/d_18/c_img_QO_K6/OxtKim.jpeg?fl=res,400,300,3|shr,,20|jpg,90"
For sale apartment 3+kt 87 m²,"https://d18-a.sdn.cz/d_18/c_img_QK_Jr/PaB7E3.jpeg?fl=res,400,300,3|shr,,20|jpg,90"
For sale apartment 1+kt 33 m²,"https://d18-a.sdn.cz/d_18/c_img_QK_Jr/6NG6qu.jpeg?fl=res,400,300,3|shr,,20|jpg,90"
For sale apartment 2+kt 44 m²,"https://d18-a.sdn.cz/d_18/c_img_QI_Jl/HHmBYvz.jpeg?fl=res,400,300,3|shr,,20|jpg,90"
For sale apartment 3+1 73 m²,"https://d18-a.sdn.cz/d_18/c_img_QQ_Lm/Kyh7ar.jpeg?fl=res,400,300,3|shr,,20|jpg,90"
For sale apartment 1+kt 37 m²,"https://d18-a.sdn.cz/d_18/c_img_QI_Jm/uM0hx9.jpeg?fl=res,400,300,3|shr,,20|jpg,90"
For sale apartment 4+kt 145 m²,"https://d18-a.sdn.cz/d_18/c_img_QN_KC/nbP3IL.jpeg?fl=res,400,300,3|shr,,20|jpg,90"
For sale apartment 5+1 152 m²,"https://d18-a.sdn.cz/d_18/c_img_QQ_Lo/xwdPqG.jpeg?fl=res,400,300,3|shr,,20|jpg,90"
For sale apartment 3+kt 99 m²,"https://d18-a.sdn.cz/d_18/c_img_QQ_Lg/PjzBIzn.jpeg?fl=res,400,300,3|shr,,20|jpg,90"
For sale apartment 3+kt 79 m²,"https://d18-a.sdn.cz/d_18/c_img_QM_KR/nnjf3A.jpeg?fl=res,400,300,3|shr,,20|jpg,90"
For sale apartment 1+kt 23 m²,"https://d18-a.sdn.cz/d_18/c_img_QM_Kn/AdCEF7.jpeg?fl=res,400,300,3|shr,,20|jpg,90"
For sale apartment 4+kt 120 m²,"https://d18-a.sdn.cz/d_18/c_img_gT_s/PPYYSx.jpeg?fl=res,400,300,3|shr,,20|jpg,90"
For sale apartment 4+kt 117 m²,"https://d18-a.sdn.cz/d_18/c_img_gQ_q/KaNBzBQ.jpeg?fl=res,400,300,3|shr,,20|jpg,90"
For sale apartment 2+kt 41 m²,"https://d18-a.sdn.cz/d_18/c_img_QI_Jb/zMVBe53.jpeg?fl=res,400,300,3|shr,,20|jpg,90"
For sale apartment 1+kt 45 m²,"https://d18-a.sdn.cz/d_18/c_img_QO_K6/qjXb08.jpeg?fl=res,400,300,3|shr,,20|jpg,90"
For sale apartment 2+kt 41 m²,"https://d18-a.sdn.cz/d_18/c_img_QP_Ky/WWGK7a.jpeg?fl=res,400,300,3|shr,,20|jpg,90"
For sale apartment 2+kt 46 m²,"https://d18-a.sdn.cz/d_18/c_img_QL_J5/00kBt8d.jpeg?fl=res,400,300,3|shr,,20|jpg,90"
For sale apartment 4+1 92 m²,"https://d18-a.sdn.cz/d_18/c_img_QM_Ka/hWxZoR.jpeg?fl=res,400,300,3|shr,,20|jpg,90"
For sale apartment 1+kt 21 m²,"https://d18-a.sdn.cz/d_18/c_img_QK_Jr/uNkCgu.jpeg?fl=res,400,300,3|shr,,20|jpg,90"
For sale apartment 3+kt 58 m²,"https://d18-a.sdn.cz/d_18/c_img_QP_LG/SbKzax.jpeg?fl=res,400,300,3|shr,,20|jpg,90"
For sale apartment 1+1 57 m²,"https://d18-a.sdn.cz/d_18/c_img_QL_J5/rfCBdrL.jpeg?fl=res,400,300,3|shr,,20|jpg,90"
For sale apartment 2+1 81 m²,"https://d18-a.sdn.cz/d_18/c_img_QI_Jh/4noBsDN.jpeg?fl=res,400,300,3|shr,,20|jpg,90"
For sale apartment 3+kt 81 m²,"https://d18-a.sdn.cz/d_18/c_img_QK_Jp/uudXsT.jpeg?fl=res,400,300,3|shr,,20|jpg,90"
For sale apartment 4+kt 107 m² (Attic),"https://d18-a.sdn.cz/d_18/c_img_QO_K6/yKiLKH.jpeg?fl=res,400,300,3|shr,,20|jpg,90"
For sale apartment 3+kt 111 m²,"https://d18-a.sdn.cz/d_18/c_img_QQ_Ll/7fiWzC.jpeg?fl=res,400,300,3|shr,,20|jpg,90"
For sale apartment 2+kt 45 m²,"https://d18-a.sdn.cz/d_18/c_img_QJ_Js/fnNh0U.jpeg?fl=res,400,300,3|shr,,20|jpg,90"
For sale apartment 1+1 35 m²,"https://d18-a.sdn.cz/d_18/c_img_QI_Jl/yUsBqtG.jpeg?fl=res,400,300,3|shr,,20|jpg,90"
For sale apartment 2+1 64 m²,"https://d18-a.sdn.cz/d_18/c_img_QN_KA/MkFYCB.jpeg?fl=res,400,300,3|shr,,20|jpg,90"
For sale apartment 3+1 84 m²,"https://d18-a.sdn.cz/d_18/c_img_QK_Jr/Cqq7w7.jpeg?fl=res,400,300,3|shr,,20|jpg,90"
For sale apartment 2+kt 59 m²,"https://d18-a.sdn.cz/d_18/c_img_QJ_Js/YEHhzv.jpeg?fl=res,400,300,3|shr,,20|jpg,90"
For sale apartment 1+kt 32 m²,"https://d18-a.sdn.cz/d_18/c_img_QR_MJ/sr7zEp.jpeg?fl=res,400,300,3|shr,,20|jpg,90"
For sale apartment 4+kt 145 m²,"https://d18-a.sdn.cz/d_18/c_img_QM_Kn/1OnB6U.jpeg?fl=res,400,300,3|shr,,20|jpg,90"
For sale apartment 1+kt 25 m²,"https://d18-a.sdn.cz/d_18/c_img_QL_J5/pcdFe5.jpeg?fl=res,400,300,3|shr,,20|jpg,90"
For sale apartment 1+kt 28 m²,"https://d18-a.sdn.cz/d_18/c_img_QK_Jn/7tvBffd.jpeg?fl=res,400,300,3|shr,,20|jpg,90"
For sale apartment 3+kt 83 m² (Loft),"https://d18-a.sdn.cz/d_18/c_img_QI_Jl/Fg8BUb5.jpeg?fl=res,400,300,3|shr,,20|jpg,90"
For sale apartment 2+kt 88 m²,"https://d18-a.sdn.cz/d_18/c_img_QN_KB/SpLBtUM.jpeg?fl=res,400,300,3|shr,,20|jpg,90"
For sale apartment 1+kt 22 m²,"https://d18-a.sdn.cz/d_18/c_img_QK_Jr/DzDyVl.jpeg?fl=res,400,300,3|shr,,20|jpg,90"
For sale apartment 1+kt 18 m²,"https://d18-a.sdn.cz/d_18/c_img_QP_LG/yYf3UR.jpeg?fl=res,400,300,3|shr,,20|jpg,90"
For sale apartment 1+kt 26 m²,"https://d18-a.sdn.cz/d_18/c_img_QP_LG/O7u3Wr.jpeg?fl=res,400,300,3|shr,,20|jpg,90"
For sale apartment 1+kt 26 m²,"https://d18-a.sdn.cz/d_18/c_img_QO_K6/fgjrJw.jpeg?fl=res,400,300,3|shr,,20|jpg,90"
For sale apartment 2+kt 66 m²,"https://d18-a.sdn.cz/d_18/c_img_QR_MJ/lgr4Ba.jpeg?fl=res,400,300,3|shr,,20|jpg,90"
For sale apartment 2+kt 38 m²,"https://d18-a.sdn.cz/d_18/c_img_QR_MJ/XvGaK9.jpeg?fl=res,400,300,3|shr,,20|jpg,90"
For sale apartment 2+1 58 m²,"https://d18-a.sdn.cz/d_18/c_img_QR_MJ/rD6bQg.jpeg?fl=res,400,300,3|shr,,20|jpg,90"
For sale apartment 1+kt 35 m²,"https://d18-a.sdn.cz/d_18/c_img_QK_Jr/VDSrbg.jpeg?fl=res,400,300,3|shr,,20|jpg,90"
For sale apartment 3+kt 73 m²,"https://d18-a.sdn.cz/d_18/c_img_QR_MJ/66izyb.jpeg?fl=res,400,300,3|shr,,20|jpg,90"
For sale apartment 2+1 53 m²,"https://d18-a.sdn.cz/d_18/c_img_QL_J8/Bc64uC.jpeg?fl=res,400,300,3|shr,,20|jpg,90"
For sale apartment 2+1 69 m²,"https://d18-a.sdn.cz/d_18/c_img_QR_MJ/CBH3oj.jpeg?fl=res,400,300,3|shr,,20|jpg,90"
For sale apartment 2+kt 53 m²,"https://d18-a.sdn.cz/d_18/c_img_QP_LG/vZRxPU.jpeg?fl=res,400,300,3|shr,,20|jpg,90"
For sale apartment 2+kt 60 m²,"https://d18-a.sdn.cz/d_18/c_img_QO_K6/qcB0gs.jpeg?fl=res,400,300,3|shr,,20|jpg,90"
For sale apartment 4+kt 146 m²,"https://d18-a.sdn.cz/d_18/c_img_QM_Kj/RDpHNC.jpeg?fl=res,400,300,3|shr,,20|jpg,90"
For sale apartment 3+kt 102 m²,"https://d18-a.sdn.cz/d_18/c_img_QQ_Lh/IEgBM37.jpeg?fl=res,400,300,3|shr,,20|jpg,90"
For sale apartment 2+1 55 m²,"https://d18-a.sdn.cz/d_18/c_img_QP_K2/qRQBVIH.jpeg?fl=res,400,300,3|shr,,20|jpg,90"
For sale apartment 1+kt 23 m²,"https://d18-a.sdn.cz/d_18/c_img_QI_Jl/auOrQa.jpeg?fl=res,400,300,3|shr,,20|jpg,90"
For sale apartment unusual 100 m² (Attic),"https://d18-a.sdn.cz/d_18/c_img_QQ_Ll/Ifldi5.jpeg?fl=res,400,300,3|shr,,20|jpg,90"
For sale apartment 3+kt 71 m²,"https://d18-a.sdn.cz/d_18/c_img_QN_KC/hGUTB7.jpeg?fl=res,400,300,3|shr,,20|jpg,90"
For sale apartment 2+1 61 m²,"https://d18-a.sdn.cz/d_18/c_img_QO_K6/DThxPl.jpeg?fl=res,400,300,3|shr,,20|jpg,90"
For sale apartment 2+kt 42 m²,"https://d18-a.sdn.cz/d_18/c_img_QI_Jg/BcRbPa.jpeg?fl=res,400,300,3|shr,,20|jpg,90"
For sale apartment 3+kt 70 m²,"https://d18-a.sdn.cz/d_18/c_img_QP_LF/xXwV3W.jpeg?fl=res,400,300,3|shr,,20|jpg,90"
For sale apartment 3+1 63 m²,"https://d18-a.sdn.cz/d_18/c_img_QR_MI/TjaB4pj.jpeg?fl=res,400,300,3|shr,,20|jpg,90"
For sale apartment 4+kt 156 m²,"https://d18-a.sdn.cz/d_18/c_img_QM_Km/9KHBhFu.jpeg?fl=res,400,300,3|shr,,20|jpg,90"
For sale apartment 2+kt 56 m²,"https://d18-a.sdn.cz/d_18/c_img_QN_KC/0heO8P.jpeg?fl=res,400,300,3|shr,,20|jpg,90"
For sale apartment 4+kt 109 m² (Mezonet),"https://d18-a.sdn.cz/d_18/c_img_QJ_Jp/nVKBsRc.jpeg?fl=res,400,300,3|shr,,20|jpg,90"
For sale apartment 3+1 85 m²,"https://d18-a.sdn.cz/d_18/c_img_QP_LG/W2Y6z9.jpeg?fl=res,400,300,3|shr,,20|jpg,90"
For sale apartment 2+kt 46 m² (Loft),"https://d18-a.sdn.cz/d_18/c_img_QP_LG/rc53ng.jpeg?fl=res,400,300,3|shr,,20|jpg,90"
For sale apartment 2+kt 58 m²,"https://d18-a.sdn.cz/d_18/c_img_QO_K6/YadwX6.jpeg?fl=res,400,300,3|shr,,20|jpg,90"
For sale apartment 2+kt 38 m²,"https://d18-a.sdn.cz/d_18/c_img_QL_J8/8kx7bZ.jpeg?fl=res,400,300,3|shr,,20|jpg,90"
For sale apartment 1+kt 32 m²,"https://d18-a.sdn.cz/d_18/c_img_QN_KC/OCK7TD.jpeg?fl=res,400,300,3|shr,,20|jpg,90"
For sale apartment 4+kt 88 m²,"https://d18-a.sdn.cz/d_18/c_img_QR_MJ/n7t3of.jpeg?fl=res,400,300,3|shr,,20|jpg,90"
For sale apartment 3+1 121 m²,"https://d18-a.sdn.cz/d_18/c_img_QQ_Lm/6UcBWaD.jpeg?fl=res,400,300,3|shr,,20|jpg,90"
For sale apartment 3+kt 75 m² (Attic),"https://d18-a.sdn.cz/d_18/c_img_QL_J8/TI83f.jpeg?fl=res,400,300,3|shr,,20|jpg,90"
For sale apartment 3+1 72 m²,"https://d18-a.sdn.cz/d_18/c_img_QQ_Lm/Ccavhv.jpeg?fl=res,400,300,3|shr,,20|jpg,90"
For sale apartment 5+kt 250 m²,"https://d18-a.sdn.cz/d_18/c_img_QP_LG/QhcpY9.jpeg?fl=res,400,300,3|shr,,20|jpg,90"
For sale apartment 3+kt 106 m² (Attic),"https://d18-a.sdn.cz/d_18/c_img_QJ_Jq/Sx6BujN.jpeg?fl=res,400,300,3|shr,,20|jpg,90"
For sale apartment 3+1 68 m²,"https://d18-a.sdn.cz/d_18/c_img_QJ_Jr/RBzBDvR.jpeg?fl=res,400,300,3|shr,,20|jpg,90"
For sale apartment 2+1 71 m²,"https://d18-a.sdn.cz/d_18/c_img_QQ_Lm/wMtBGG4.jpeg?fl=res,400,300,3|shr,,20|jpg,90"
For sale apartment 2+kt 52 m²,"https://d18-a.sdn.cz/d_18/c_img_QM_Km/f2xBOhu.jpeg?fl=res,400,300,3|shr,,20|jpg,90"
For sale apartment 2+1 72 m²,"https://d18-a.sdn.cz/d_18/c_img_QI_Jk/jMhCCnV.jpeg?fl=res,400,300,3|shr,,20|jpg,90"
For sale apartment 2+kt 42 m²,"https://d18-a.sdn.cz/d_18/c_img_QM_Km/O0wCFQA.jpeg?fl=res,400,300,3|shr,,20|jpg,90"
For sale apartment 2+kt 75 m²,"https://d18-a.sdn.cz/d_18/c_img_QM_Kn/ixHB4a.jpeg?fl=res,400,300,3|shr,,20|jpg,90"
For sale apartment 2+1 94 m²,"https://d18-a.sdn.cz/d_18/c_img_QQ_Lg/A8xCBcE.jpeg?fl=res,400,300,3|shr,,20|jpg,90"
For sale apartment 3+kt 113 m² (Mezonet),"https://d18-a.sdn.cz/d_18/c_img_QP_LG/8CInV8.jpeg?fl=res,400,300,3|shr,,20|jpg,90"
For sale apartment 2+kt 50 m²,"https://d18-a.sdn.cz/d_18/c_img_QI_Jm/jqLiUr.jpeg?fl=res,400,300,3|shr,,20|jpg,90"
For sale apartment 3+1 86 m²,"https://d18-a.sdn.cz/d_18/c_img_QR_ME/UNwBinU.jpeg?fl=res,400,300,3|shr,,20|jpg,90"
For sale apartment 1+1 35 m²,"https://d18-a.sdn.cz/d_18/c_img_QR_MI/NISB8KB.jpeg?fl=res,400,300,3|shr,,20|jpg,90"
For sale apartment 2+kt 88 m²,"https://d18-a.sdn.cz/d_18/c_img_gV_s/dXTynt.png?fl=res,400,300,3|shr,,20|jpg,90"
For sale apartment 3+kt 159 m²,"https://d18-a.sdn.cz/d_18/c_img_QI_Jf/8cYBIGL.jpeg?fl=res,400,300,3|shr,,20|jpg,90"
For sale apartment 4+kt 232 m²,"https://d18-a.sdn.cz/d_18/c_img_QJ_Jo/w8Pm6Y.jpeg?fl=res,400,300,3|shr,,20|jpg,90"
For sale apartment 2+kt 50 m²,"https://d18-a.sdn.cz/d_18/c_img_QM_Kn/V1pGAR.jpeg?fl=res,400,300,3|shr,,20|jpg,90"
For sale apartment 4+kt 324 m²,"https://d18-a.sdn.cz/d_18/c_img_QR_ME/3R7o7U.jpeg?fl=res,400,300,3|shr,,20|jpg,90"
For sale apartment 4+kt 125 m²,"https://d18-a.sdn.cz/d_18/c_img_QN_KA/apKB4H.jpeg?fl=res,400,300,3|shr,,20|jpg,90"
For sale apartment 3+kt 78 m²,"https://d18-a.sdn.cz/d_18/c_img_QJ_Jr/e1Zxe3.jpeg?fl=res,400,300,3|shr,,20|jpg,90"
For sale apartment 3+1 90 m²,"https://d18-a.sdn.cz/d_18/c_img_QQ_Lh/k11BjdP.jpeg?fl=res,400,300,3|shr,,20|jpg,90"
For sale apartment 3+1 67 m²,"https://d18-a.sdn.cz/d_18/c_img_QO_K5/WE9BSN4.jpeg?fl=res,400,300,3|shr,,20|jpg,90"
For sale apartment 2+kt 61 m²,"https://d18-a.sdn.cz/d_18/c_img_QR_MI/4OEmKw.jpeg?fl=res,400,300,3|shr,,20|jpg,90"
For sale apartment 3+kt 78 m²,"https://d18-a.sdn.cz/d_18/c_img_QK_Jq/CSVBNRP.jpeg?fl=res,400,300,3|shr,,20|jpg,90"
For sale apartment 3+1 83 m²,"https://d18-a.sdn.cz/d_18/c_img_QQ_Lo/hD9KcY.jpeg?fl=res,400,300,3|shr,,20|jpg,90"
For sale apartment 2+kt 48 m²,"https://d18-a.sdn.cz/d_18/c_img_QK_Jr/WK97ju.jpeg?fl=res,400,300,3|shr,,20|jpg,90"
For sale apartment 2+kt 44 m²,"https://d18-a.sdn.cz/d_18/c_img_QK_Jr/9iy7jq.jpeg?fl=res,400,300,3|shr,,20|jpg,90"
For sale apartment 1+kt 25 m²,"https://d18-a.sdn.cz/d_18/c_img_QP_LG/wpW6s4.jpeg?fl=res,400,300,3|shr,,20|jpg,90"
For sale apartment 2+1 52 m²,"https://d18-a.sdn.cz/d_18/c_img_QK_Jr/Nq57jc.jpeg?fl=res,400,300,3|shr,,20|jpg,90"
For sale apartment 2+1 52 m²,"https://d18-a.sdn.cz/d_18/c_img_QI_Ji/h0XD9s.jpeg?fl=res,400,300,3|shr,,20|jpg,90"
For sale apartment 3+1 75 m²,"https://d18-a.sdn.cz/d_18/c_img_QR_MJ/F5dzMg.jpeg?fl=res,400,300,3|shr,,20|jpg,90"
For sale apartment 3+1 66 m²,"https://d18-a.sdn.cz/d_18/c_img_QL_J8/25w7U7.jpeg?fl=res,400,300,3|shr,,20|jpg,90"
For sale apartment 2+1 63 m²,"https://d18-a.sdn.cz/d_18/c_img_QR_MI/3EECAkf.jpeg?fl=res,400,300,3|shr,,20|jpg,90"
For sale apartment 1+kt 30 m²,"https://d18-a.sdn.cz/d_18/c_img_QJ_Jr/0rZBtX0.jpeg?fl=res,400,300,3|shr,,20|jpg,90"
For sale apartment 1+kt 28 m²,"https://d18-a.sdn.cz/d_18/c_img_QR_MJ/GTw3BW.jpeg?fl=res,400,300,3|shr,,20|jpg,90"
For sale apartment 3+kt 119 m²,"https://d18-a.sdn.cz/d_18/c_img_QO_K5/5nULLp.jpeg?fl=res,400,300,3|shr,,20|jpg,90"
For sale apartment 1+kt 47 m²,"https://d18-a.sdn.cz/d_18/c_img_QM_Kl/nwSTJS.jpeg?fl=res,400,300,3|shr,,20|jpg,90"
For sale apartment 3+kt 78 m²,"https://d18-a.sdn.cz/d_18/c_img_QJ_Jm/OJDZiD.jpeg?fl=res,400,300,3|shr,,20|jpg,90"
For sale apartment 1+kt 44 m²,"https://d18-a.sdn.cz/d_18/c_img_QJ_Js/GZVhma.jpeg?fl=res,400,300,3|shr,,20|jpg,90"
For sale apartment 2+kt 59 m²,"https://d18-a.sdn.cz/d_18/c_img_QK_Jr/v0Q7he.jpeg?fl=res,400,300,3|shr,,20|jpg,90"
For sale apartment 1+kt 20 m²,"https://d18-a.sdn.cz/d_18/c_img_QP_LG/nzp6q9.jpeg?fl=res,400,300,3|shr,,20|jpg,90"
For sale apartment 4+1 85 m²,"https://d18-a.sdn.cz/d_18/c_img_QN_KC/CdA23F.jpeg?fl=res,400,300,3|shr,,20|jpg,90"
For sale apartment 3+kt 70 m²,"https://d18-a.sdn.cz/d_18/c_img_QJ_Jo/4FyBJ6x.jpeg?fl=res,400,300,3|shr,,20|jpg,90"
For sale apartment 2+1 62 m²,"https://d18-a.sdn.cz/d_18/c_img_QK_Jc/Z0ZBOo.jpeg?fl=res,400,300,3|shr,,20|jpg,90"
For sale apartment 1+1 52 m²,"https://d18-a.sdn.cz/d_18/c_img_QQ_Ld/GcLzpv.jpeg?fl=res,400,300,3|shr,,20|jpg,90"
For sale apartment 3+kt 150 m²,"https://d18-a.sdn.cz/d_18/c_img_QQ_Lo/eRLEGX.jpeg?fl=res,400,300,3|shr,,20|jpg,90"
For sale apartment 2+kt 111 m²,"https://d18-a.sdn.cz/d_18/c_img_QR_MJ/iKBnET.jpeg?fl=res,400,300,3|shr,,20|jpg,90"
For sale apartment 1+1 41 m²,"https://d18-a.sdn.cz/d_18/c_img_QN_KC/wzF7K3.jpeg?fl=res,400,300,3|shr,,20|jpg,90"
For sale apartment 4+1 135 m²,"https://d18-a.sdn.cz/d_18/c_img_gX_p/mydpNj.jpeg?fl=res,400,300,3|shr,,20|jpg,90"
For sale apartment 2+kt 348 m²,"https://d18-a.sdn.cz/d_18/c_img_gR_q/6SLULq.jpeg?fl=res,400,300,3|shr,,20|jpg,90"
For sale apartment 2+1 76 m²,"https://d18-a.sdn.cz/d_18/c_img_QQ_Lm/rXvyE3.jpeg?fl=res,400,300,3|shr,,20|jpg,90"
For sale apartment 3+1 95 m²,"https://d18-a.sdn.cz/d_18/c_img_QI_Jh/m2VyAT.jpeg?fl=res,400,300,3|shr,,20|jpg,90"
For sale apartment 4+1 102 m²,"https://d18-a.sdn.cz/d_18/c_img_QI_Jh/VoAyAO.jpeg?fl=res,400,300,3|shr,,20|jpg,90"
For sale apartment 2+1 86 m²,"https://d18-a.sdn.cz/d_18/c_img_QN_J9/WcpBmol.jpeg?fl=res,400,300,3|shr,,20|jpg,90"
For sale apartment 1+1 45 m²,"https://d18-a.sdn.cz/d_18/c_img_QN_KC/I1h7KK.jpeg?fl=res,400,300,3|shr,,20|jpg,90"
For sale apartment 4+kt 93 m²,"https://d18-a.sdn.cz/d_18/c_img_QO_K2/goEBGJO.jpeg?fl=res,400,300,3|shr,,20|jpg,90"
For sale apartment 1+kt 76 m²,"https://d18-a.sdn.cz/d_18/c_img_QK_Jr/26XSAq.jpeg?fl=res,400,300,3|shr,,20|jpg,90"
For sale apartment 3+kt 93 m²,"https://d18-a.sdn.cz/d_18/c_img_QM_Km/sngqyu.jpeg?fl=res,400,300,3|shr,,20|jpg,90"
For sale apartment 2+kt 57 m²,"https://d18-a.sdn.cz/d_18/c_img_QK_Jq/DsWBiIO.jpeg?fl=res,400,300,3|shr,,20|jpg,90"
For sale apartment 2+kt 56 m²,"https://d18-a.sdn.cz/d_18/c_img_QI_Ji/VpSVpE.jpeg?fl=res,400,300,3|shr,,20|jpg,90"
For sale apartment 1+kt 46 m²,"https://d18-a.sdn.cz/d_18/c_img_QO_K5/d8LBbEr.jpeg?fl=res,400,300,3|shr,,20|jpg,90"
For sale apartment 3+kt 87 m²,"https://d18-a.sdn.cz/d_18/c_img_QL_J7/GFrBiLz.jpeg?fl=res,400,300,3|shr,,20|jpg,90"
For sale apartment 3+kt 76 m²,"https://d18-a.sdn.cz/d_18/c_img_QK_Jo/OIsBRed.jpeg?fl=res,400,300,3|shr,,20|jpg,90"
For sale apartment 3+kt 86 m²,"https://d18-a.sdn.cz/d_18/c_img_QP_LF/9HxBhXL.jpeg?fl=res,400,300,3|shr,,20|jpg,90"
For sale apartment 1+kt 40 m²,"https://d18-a.sdn.cz/d_18/c_img_QP_K8/oaSDTZ.jpeg?fl=res,400,300,3|shr,,20|jpg,90"
For sale apartment 3+kt 85 m²,"https://d18-a.sdn.cz/d_18/c_img_QP_LG/PH26rT.jpeg?fl=res,400,300,3|shr,,20|jpg,90"
For sale apartment 2+1 63 m²,"https://d18-a.sdn.cz/d_18/c_img_QI_Jm/FLJiN1.jpeg?fl=res,400,300,3|shr,,20|jpg,90"
For sale apartment 2+1 59 m²,"https://d18-a.sdn.cz/d_18/c_img_QQ_Lm/kMtBZ3z.jpeg?fl=res,400,300,3|shr,,20|jpg,90"
For sale apartment 2+kt 40 m²,"https://d18-a.sdn.cz/d_18/c_img_QR_MJ/iBg27l.jpeg?fl=res,400,300,3|shr,,20|jpg,90"
For sale apartment 4+kt 96 m²,"https://d18-a.sdn.cz/d_18/c_img_QO_K6/lvoi5Y.jpeg?fl=res,400,300,3|shr,,20|jpg,90"
For sale apartment 4+kt 104 m²,"https://d18-a.sdn.cz/d_18/c_img_QI_Jm/q5eQ4I.jpeg?fl=res,400,300,3|shr,,20|jpg,90"
For sale apartment 2+kt 51 m²,"https://d18-a.sdn.cz/d_18/c_img_QO_K6/tCcrH0.jpeg?fl=res,400,300,3|shr,,20|jpg,90"
For sale apartment 2+kt 61 m²,"https://d18-a.sdn.cz/d_18/c_img_QN_KB/c9dBBSK.jpeg?fl=res,400,300,3|shr,,20|jpg,90"
For sale apartment 2+1 79 m²,"https://d18-a.sdn.cz/d_18/c_img_QQ_Lm/QkDBcpc.jpeg?fl=res,400,300,3|shr,,20|jpg,90"
For sale apartment 3+1 102 m²,"https://d18-a.sdn.cz/d_18/c_img_QK_Jq/RLPBBm9.jpeg?fl=res,400,300,3|shr,,20|jpg,90"
For sale apartment 2+kt 52 m²,"https://d18-a.sdn.cz/d_18/c_img_QP_LF/gtyWWh.jpeg?fl=res,400,300,3|shr,,20|jpg,90"
For sale apartment 3+kt 81 m²,"https://d18-a.sdn.cz/d_18/c_img_QK_Jr/hYSWjf.jpeg?fl=res,400,300,3|shr,,20|jpg,90"
For sale apartment 1+kt 43 m²,"https://d18-a.sdn.cz/d_18/c_img_QO_K5/kKf4cP.jpeg?fl=res,400,300,3|shr,,20|jpg,90"
For sale apartment 1+1 53 m²,"https://d18-a.sdn.cz/d_18/c_img_QK_Jo/iQsBFLe.jpeg?fl=res,400,300,3|shr,,20|jpg,90"
For sale apartment 1+kt 18 m²,"https://d18-a.sdn.cz/d_18/c_img_QR_MI/bWUBslL.jpeg?fl=res,400,300,3|shr,,20|jpg,90"
For sale apartment 2+kt 55 m²,"https://d18-a.sdn.cz/d_18/c_img_QI_Jk/wEABS2K.jpeg?fl=res,400,300,3|shr,,20|jpg,90"
For sale apartment 1+1 41 m²,"https://d18-a.sdn.cz/d_18/c_img_QN_KB/R1CBxdl.jpeg?fl=res,400,300,3|shr,,20|jpg,90"
For sale apartment 3+1 77 m²,"https://d18-a.sdn.cz/d_18/c_img_QR_MI/PXYBHUe.jpeg?fl=res,400,300,3|shr,,20|jpg,90"
For sale apartment 2+kt 54 m²,"https://d18-a.sdn.cz/d_18/c_img_QI_Jk/Oj1BqEj.jpeg?fl=res,400,300,3|shr,,20|jpg,90"
For sale apartment 3+kt 100 m²,"https://d18-a.sdn.cz/d_18/c_img_QI_Jl/aBTBrtb.jpeg?fl=res,400,300,3|shr,,20|jpg,90"
For sale apartment 5+kt 118 m²,"https://d18-a.sdn.cz/d_18/c_img_QI_Jm/n8tgxF.jpeg?fl=res,400,300,3|shr,,20|jpg,90"
For sale apartment 1+kt 29 m²,"https://d18-a.sdn.cz/d_18/c_img_QQ_Lo/gxBQEO.jpeg?fl=res,400,300,3|shr,,20|jpg,90"
For sale apartment 2+kt 44 m²,"https://d18-a.sdn.cz/d_18/c_img_QN_KC/lsI7IU.jpeg?fl=res,400,300,3|shr,,20|jpg,90"
For sale apartment 3+kt 69 m²,"https://d18-a.sdn.cz/d_18/c_img_QP_LF/T2PBbsE.jpeg?fl=res,400,300,3|shr,,20|jpg,90"
For sale apartment 3+kt 82 m²,"https://d18-a.sdn.cz/d_18/c_img_QJ_Jr/bp04uM.jpeg?fl=res,400,300,3|shr,,20|jpg,90"
For sale apartment 2+kt 61 m²,"https://d18-a.sdn.cz/d_18/c_img_QO_K5/9tJBrlP.jpeg?fl=res,400,300,3|shr,,20|jpg,90"
For sale apartment 2+kt 41 m²,"https://d18-a.sdn.cz/d_18/c_img_QL_J7/9MqBymu.jpeg?fl=res,400,300,3|shr,,20|jpg,90"
For sale apartment 1+kt 23 m²,"https://d18-a.sdn.cz/d_18/c_img_QP_LF/dpEB3P9.jpeg?fl=res,400,300,3|shr,,20|jpg,90"
For sale apartment 2+1 61 m²,"https://d18-a.sdn.cz/d_18/c_img_QI_Jm/byGiMC.jpeg?fl=res,400,300,3|shr,,20|jpg,90"
For sale apartment 1+kt 40 m²,"https://d18-a.sdn.cz/d_18/c_img_gS_o/0HLBeLj.jpeg?fl=res,400,300,3|shr,,20|jpg,90"
For sale apartment 2+1 78 m²,"https://d18-a.sdn.cz/d_18/c_img_QN_KC/mHuwUw.jpeg?fl=res,400,300,3|shr,,20|jpg,90"
For sale apartment 4+kt 103 m²,"https://d18-a.sdn.cz/d_18/c_img_gT_p/mCLBJLS.jpeg?fl=res,400,300,3|shr,,20|jpg,90"
For sale apartment 2+kt 59 m²,"https://d18-a.sdn.cz/d_18/c_img_QR_MJ/flbIpv.jpeg?fl=res,400,300,3|shr,,20|jpg,90"
For sale apartment 3+kt 119 m²,"https://d18-a.sdn.cz/d_18/c_img_QM_Km/YnTBaZK.jpeg?fl=res,400,300,3|shr,,20|jpg,90"
For sale apartment 3+kt 78 m²,"https://d18-a.sdn.cz/d_18/c_img_QO_K6/s4fGLM.jpeg?fl=res,400,300,3|shr,,20|jpg,90"
For sale apartment 2+1 54 m²,"https://d18-a.sdn.cz/d_18/c_img_QQ_Lo/f6LPX0.jpeg?fl=res,400,300,3|shr,,20|jpg,90"
For sale apartment 3+1 75 m²,"https://d18-a.sdn.cz/d_18/c_img_QO_K6/KGuXee.jpeg?fl=res,400,300,3|shr,,20|jpg,90"
For sale apartment 2+kt 52 m²,"https://d18-a.sdn.cz/d_18/c_img_QO_K6/XSgGum.jpeg?fl=res,400,300,3|shr,,20|jpg,90"
For sale apartment 3+1 78 m²,"https://d18-a.sdn.cz/d_18/c_img_QI_Jm/xVieGn.jpeg?fl=res,400,300,3|shr,,20|jpg,90"
For sale apartment 2+kt 56 m²,"https://d18-a.sdn.cz/d_18/c_img_QM_Km/8Cf7MH.jpeg?fl=res,400,300,3|shr,,20|jpg,90"
For sale apartment 4+kt 159 m²,"https://d18-a.sdn.cz/d_18/c_img_QJ_Jp/u4RB8H1.jpeg?fl=res,400,300,3|shr,,20|jpg,90"
For sale apartment 4+kt 72 m²,"https://d18-a.sdn.cz/d_18/c_img_QQ_Li/WGADvJ.jpeg?fl=res,400,300,3|shr,,20|jpg,90"
For sale apartment 3+kt 70 m²,"https://d18-a.sdn.cz/d_18/c_img_QJ_Js/Of2gJP.jpeg?fl=res,400,300,3|shr,,20|jpg,90"
For sale apartment 2+1 54 m²,"https://d18-a.sdn.cz/d_18/c_img_QI_Jm/Ee0iKh.jpeg?fl=res,400,300,3|shr,,20|jpg,90"
For sale apartment 4+kt 108 m²,"https://d18-a.sdn.cz/d_18/c_img_QL_J8/PZRM2m.jpeg?fl=res,400,300,3|shr,,20|jpg,90"
For sale apartment 4+kt 97 m²,"https://d18-a.sdn.cz/d_18/c_img_QL_J8/Tf97OP.jpeg?fl=res,400,300,3|shr,,20|jpg,90"
For sale apartment 2+1 59 m²,"https://d18-a.sdn.cz/d_18/c_img_QO_K6/Rde0Vw.jpeg?fl=res,400,300,3|shr,,20|jpg,90"
For sale apartment 1+1 55 m²,"https://d18-a.sdn.cz/d_18/c_img_QO_K5/0m5KM5.jpeg?fl=res,400,300,3|shr,,20|jpg,90"
For sale apartment 3+kt 69 m²,"https://d18-a.sdn.cz/d_18/c_img_QP_K5/XKOV9L.jpeg?fl=res,400,300,3|shr,,20|jpg,90"
For sale apartment 3+kt 71 m²,"https://d18-a.sdn.cz/d_18/c_img_QK_Jr/vw26GE.jpeg?fl=res,400,300,3|shr,,20|jpg,90"
For sale apartment 3+kt 86 m²,"https://d18-a.sdn.cz/d_18/c_img_QI_Jj/nKgB93u.jpeg?fl=res,400,300,3|shr,,20|jpg,90"
For sale apartment 5+kt 153 m²,"https://d18-a.sdn.cz/d_18/c_img_QM_Kn/j4bEhH.jpeg?fl=res,400,300,3|shr,,20|jpg,90"
For sale apartment 3+kt 97 m²,"https://d18-a.sdn.cz/d_18/c_img_QR_MI/RGvMaE.jpeg?fl=res,400,300,3|shr,,20|jpg,90"
For sale apartment 2+kt 60 m²,"https://d18-a.sdn.cz/d_18/c_img_QK_Jo/BL6QTY.jpeg?fl=res,400,300,3|shr,,20|jpg,90"
For sale apartment 3+kt 80 m²,"https://d18-a.sdn.cz/d_18/c_img_QI_Jm/6Mzgxi.jpeg?fl=res,400,300,3|shr,,20|jpg,90"
For sale apartment 1+kt 31 m²,"https://d18-a.sdn.cz/d_18/c_img_QP_LG/9IGMjg.jpeg?fl=res,400,300,3|shr,,20|jpg,90"
For sale apartment 1+1 35 m²,"https://d18-a.sdn.cz/d_18/c_img_QQ_Lm/dCoBEsU.jpeg?fl=res,400,300,3|shr,,20|jpg,90"
For sale apartment 4+kt 105 m²,"https://d18-a.sdn.cz/d_18/c_img_QM_Kn/8UMEgt.jpeg?fl=res,400,300,3|shr,,20|jpg,90"
For sale apartment 1+kt 17 m²,"https://d18-a.sdn.cz/d_18/c_img_QJ_Js/GRGhTM.jpeg?fl=res,400,300,3|shr,,20|jpg,90"
For sale apartment 3+kt 80 m²,"https://d18-a.sdn.cz/d_18/c_img_QL_J8/rL95vY.jpeg?fl=res,400,300,3|shr,,20|jpg,90"
For sale apartment 2+kt 53 m²,"https://d18-a.sdn.cz/d_18/c_img_QQ_Lo/PttOh5.jpeg?fl=res,400,300,3|shr,,20|jpg,90"
For sale apartment 2+kt 45 m²,"https://d18-a.sdn.cz/d_18/c_img_QP_LG/HmP6jB.jpeg?fl=res,400,300,3|shr,,20|jpg,90"
For sale apartment 3+1 92 m²,"https://d18-a.sdn.cz/d_18/c_img_QP_K5/PteYdD.jpeg?fl=res,400,300,3|shr,,20|jpg,90"
For sale apartment 3+1 103 m²,"https://d18-a.sdn.cz/d_18/c_img_QM_Kn/zb7Cfb.jpeg?fl=res,400,300,3|shr,,20|jpg,90"
For sale apartment 4+kt 92 m²,"https://d18-a.sdn.cz/d_18/c_img_QR_MI/8A0BWhY.jpeg?fl=res,400,300,3|shr,,20|jpg,90"
For sale apartment 3+kt 67 m²,"https://d18-a.sdn.cz/d_18/c_img_QR_MC/22olau.jpeg?fl=res,400,300,3|shr,,20|jpg,90"
For sale apartment 3+kt 75 m²,"https://d18-a.sdn.cz/d_18/c_img_QI_Jk/2KUBpbl.jpeg?fl=res,400,300,3|shr,,20|jpg,90"
For sale apartment 1+kt 29 m²,"https://d18-a.sdn.cz/d_18/c_img_QP_LG/KtF6jJ.jpeg?fl=res,400,300,3|shr,,20|jpg,90"
For sale apartment 3+1 81 m²,"https://d18-a.sdn.cz/d_18/c_img_QL_J8/LNGyNH.jpeg?fl=res,400,300,3|shr,,20|jpg,90"
For sale apartment 3+kt 102 m²,"https://d18-a.sdn.cz/d_18/c_img_QI_Jm/XHSGlx.jpeg?fl=res,400,300,3|shr,,20|jpg,90"
For sale apartment 4+kt 119 m²,"https://d18-a.sdn.cz/d_18/c_img_QJ_Jo/mM7BPod.jpeg?fl=res,400,300,3|shr,,20|jpg,90"
For sale apartment 1+kt 32 m²,"https://d18-a.sdn.cz/d_18/c_img_QK_Jr/41aDCv.jpeg?fl=res,400,300,3|shr,,20|jpg,90"
For sale apartment 3+1 77 m²,"https://d18-a.sdn.cz/d_18/c_img_QJ_Jq/mxkBTEO.jpeg?fl=res,400,300,3|shr,,20|jpg,90"
For sale apartment 1+1 48 m²,"https://d18-a.sdn.cz/d_18/c_img_QK_Jq/ACKBYQt.jpeg?fl=res,400,300,3|shr,,20|jpg,90"
For sale apartment 3+kt 83 m²,"https://d18-a.sdn.cz/d_18/c_img_QQ_Ll/LsnUCH.jpeg?fl=res,400,300,3|shr,,20|jpg,90"
For sale apartment 4+kt 117 m²,"https://d18-a.sdn.cz/d_18/c_img_QJ_Jr/4rJNDr.jpeg?fl=res,400,300,3|shr,,20|jpg,90"
For sale apartment 2+kt 54 m²,"https://d18-a.sdn.cz/d_18/c_img_QO_K5/oRXBpEP.jpeg?fl=res,400,300,3|shr,,20|jpg,90"
For sale apartment 2+kt 52 m²,"https://d18-a.sdn.cz/d_18/c_img_QO_K6/TPwhl1.jpeg?fl=res,400,300,3|shr,,20|jpg,90"
For sale apartment 4+kt 132 m²,"https://d18-a.sdn.cz/d_18/c_img_QP_LF/8KBCCRa.jpeg?fl=res,400,300,3|shr,,20|jpg,90"
For sale apartment 1+kt 35 m²,"https://d18-a.sdn.cz/d_18/c_img_QI_Jm/cIfiFV.jpeg?fl=res,400,300,3|shr,,20|jpg,90"
For sale apartment 4+kt 91 m²,"https://d18-a.sdn.cz/d_18/c_img_QL_J8/fk152l.jpeg?fl=res,400,300,3|shr,,20|jpg,90"
For sale apartment 2+kt 59 m²,"https://d18-a.sdn.cz/d_18/c_img_QP_LG/J846gu.jpeg?fl=res,400,300,3|shr,,20|jpg,90"
For sale apartment 3+kt 93 m²,"https://d18-a.sdn.cz/d_18/c_img_QI_Jm/7JQiFb.jpeg?fl=res,400,300,3|shr,,20|jpg,90"
For sale apartment 4+1 92 m²,"https://d18-a.sdn.cz/d_18/c_img_QP_LG/Wmj6gn.jpeg?fl=res,400,300,3|shr,,20|jpg,90"
For sale apartment 2+kt 64 m²,"https://d18-a.sdn.cz/d_18/c_img_QL_J8/KzC7J2.jpeg?fl=res,400,300,3|shr,,20|jpg,90"
For sale apartment 2+kt 66 m²,"https://d18-a.sdn.cz/d_18/c_img_QN_KC/4Ik7BY.jpeg?fl=res,400,300,3|shr,,20|jpg,90"
For sale apartment 3+kt 105 m²,"https://d18-a.sdn.cz/d_18/c_img_QJ_Jq/cVZBHMP.jpeg?fl=res,400,300,3|shr,,20|jpg,90"
For sale apartment 3+kt 77 m²,"https://d18-a.sdn.cz/d_18/c_img_QO_K5/JOeEYU.jpeg?fl=res,400,300,3|shr,,20|jpg,90"
For sale apartment 4+kt 83 m²,"https://d18-a.sdn.cz/d_18/c_img_QI_Jm/EQ6WVM.jpeg?fl=res,400,300,3|shr,,20|jpg,90"
For sale apartment 3+kt 73 m²,"https://d18-a.sdn.cz/d_18/c_img_QK_Jp/fEmQ4C.jpeg?fl=res,400,300,3|shr,,20|jpg,90"
For sale apartment 1+kt 33 m²,"https://d18-a.sdn.cz/d_18/c_img_QQ_Lo/6GDP8E.jpeg?fl=res,400,300,3|shr,,20|jpg,90"
For sale apartment 3+1 147 m²,"https://d18-a.sdn.cz/d_18/c_img_QN_KB/qLbCEeY.jpeg?fl=res,400,300,3|shr,,20|jpg,90"
For sale apartment 3+1 107 m²,"https://d18-a.sdn.cz/d_18/c_img_QR_MJ/05KBhg.jpeg?fl=res,400,300,3|shr,,20|jpg,90"
For sale apartment 3+kt 70 m²,"https://d18-a.sdn.cz/d_18/c_img_QK_Jr/j796GP.jpeg?fl=res,400,300,3|shr,,20|jpg,90"
For sale apartment 2+1 62 m²,"https://d18-a.sdn.cz/d_18/c_img_QM_Km/0e0CC6I.jpeg?fl=res,400,300,3|shr,,20|jpg,90"
For sale apartment 3+1 72 m²,"https://d18-a.sdn.cz/d_18/c_img_QR_MJ/P682zm.jpeg?fl=res,400,300,3|shr,,20|jpg,90"
For sale apartment 3+kt 78 m²,"https://d18-a.sdn.cz/d_18/c_img_QR_MI/Z2Ksrm.jpeg?fl=res,400,300,3|shr,,20|jpg,90"
For sale apartment 2+1 55 m²,"https://d18-a.sdn.cz/d_18/c_img_QO_K5/I66Btrt.jpeg?fl=res,400,300,3|shr,,20|jpg,90"
For sale apartment 1+1 36 m²,"https://d18-a.sdn.cz/d_18/c_img_QR_MI/uBqBebw.jpeg?fl=res,400,300,3|shr,,20|jpg,90"
For sale apartment 3+1 65 m²,"https://d18-a.sdn.cz/d_18/c_img_QL_J8/4nlgOC.jpeg?fl=res,400,300,3|shr,,20|jpg,90"
For sale apartment 2+1 56 m²,"https://d18-a.sdn.cz/d_18/c_img_QN_KC/Hvg7Bf.jpeg?fl=res,400,300,3|shr,,20|jpg,90"
For sale apartment 2+kt 56 m²,"https://d18-a.sdn.cz/d_18/c_img_QR_MJ/ELYxGR.jpeg?fl=res,400,300,3|shr,,20|jpg,90"
For sale apartment 2+kt 64 m²,"https://d18-a.sdn.cz/d_18/c_img_QR_MJ/Us8303.jpeg?fl=res,400,300,3|shr,,20|jpg,90"
For sale apartment 3+1 114 m²,"https://d18-a.sdn.cz/d_18/c_img_QI_Ji/bw7BDUI.jpeg?fl=res,400,300,3|shr,,20|jpg,90"
For sale apartment 1+1 44 m²,"https://d18-a.sdn.cz/d_18/c_img_QQ_Lm/wjEBG4f.jpeg?fl=res,400,300,3|shr,,20|jpg,90"
For sale apartment 3+1 72 m²,"https://d18-a.sdn.cz/d_18/c_img_QL_J8/bBJ7IH.jpeg?fl=res,400,300,3|shr,,20|jpg,90"
For sale apartment 1+1 55 m²,"https://d18-a.sdn.cz/d_18/c_img_QR_ME/nQl2jt.jpeg?fl=res,400,300,3|shr,,20|jpg,90"
For sale apartment 3+1 61 m²,"https://d18-a.sdn.cz/d_18/c_img_QJ_Jr/qHe5pz.jpeg?fl=res,400,300,3|shr,,20|jpg,90"
For sale apartment 2+kt 81 m²,"https://d18-a.sdn.cz/d_18/c_img_QN_KC/GKjfgX.jpeg?fl=res,400,300,3|shr,,20|jpg,90"
For sale apartment 1+1 42 m²,"https://d18-a.sdn.cz/d_18/c_img_QI_Jm/5NmiB3.jpeg?fl=res,400,300,3|shr,,20|jpg,90"
For sale apartment 3+kt 78 m²,"https://d18-a.sdn.cz/d_18/c_img_QP_LG/KC35Tm.jpeg?fl=res,400,300,3|shr,,20|jpg,90"
For sale apartment 3+kt 83 m²,"https://d18-a.sdn.cz/d_18/c_img_QP_LG/ls45So.jpeg?fl=res,400,300,3|shr,,20|jpg,90"
For sale apartment 3+1 79 m²,"https://d18-a.sdn.cz/d_18/c_img_QQ_Lm/ojOBg6i.jpeg?fl=res,400,300,3|shr,,20|jpg,90"
For sale apartment 3+kt 109 m²,"https://d18-a.sdn.cz/d_18/c_img_QJ_Jr/RmlBVJG.jpeg?fl=res,400,300,3|shr,,20|jpg,90"
For sale apartment 3+1 82 m²,"https://d18-a.sdn.cz/d_18/c_img_QJ_Jr/bO9BW8K.jpeg?fl=res,400,300,3|shr,,20|jpg,90"
For sale apartment 2+kt 52 m²,"https://d18-a.sdn.cz/d_18/c_img_QQ_Lo/HMXOn3.jpeg?fl=res,400,300,3|shr,,20|jpg,90"
For sale apartment 2+kt 46 m²,"https://d18-a.sdn.cz/d_18/c_img_QM_Km/qxkBSLR.jpeg?fl=res,400,300,3|shr,,20|jpg,90"
For sale apartment 2+kt 51 m²,"https://d18-a.sdn.cz/d_18/c_img_QJ_Js/IPheFD.jpeg?fl=res,400,300,3|shr,,20|jpg,90"
For sale apartment 3+kt 71 m²,"https://d18-a.sdn.cz/d_18/c_img_QO_K6/2Rjw0K.jpeg?fl=res,400,300,3|shr,,20|jpg,90"
For sale apartment 4+kt 79 m²,"https://d18-a.sdn.cz/d_18/c_img_QO_K6/a2haOj.jpeg?fl=res,400,300,3|shr,,20|jpg,90"
For sale apartment 2+kt 57 m²,"https://d18-a.sdn.cz/d_18/c_img_QK_Jr/Zrs7Ds.jpeg?fl=res,400,300,3|shr,,20|jpg,90"
For sale apartment 3+kt 88 m²,"https://d18-a.sdn.cz/d_18/c_img_QK_Jr/txJ6AV.jpeg?fl=res,400,300,3|shr,,20|jpg,90"
For sale apartment 2+kt 44 m²,"https://d18-a.sdn.cz/d_18/c_img_QP_LG/rVO573.jpeg?fl=res,400,300,3|shr,,20|jpg,90"
For sale apartment 3+1 99 m²,"https://d18-a.sdn.cz/d_18/c_img_QP_LG/0WLNx8.jpeg?fl=res,400,300,3|shr,,20|jpg,90"
For sale apartment 3+kt 83 m²,"https://d18-a.sdn.cz/d_18/c_img_QI_Jg/8f7BNXZ.jpeg?fl=res,400,300,3|shr,,20|jpg,90"
For sale apartment 2+kt 67 m²,"https://d18-a.sdn.cz/d_18/c_img_QN_KB/PtxB7tr.jpeg?fl=res,400,300,3|shr,,20|jpg,90"
For sale apartment 1+1 45 m²,"https://d18-a.sdn.cz/d_18/c_img_QI_Jm/AqziAd.jpeg?fl=res,400,300,3|shr,,20|jpg,90"
For sale apartment 2+kt 58 m²,"https://d18-a.sdn.cz/d_18/c_img_QJ_Jo/3GEBCfF.jpeg?fl=res,400,300,3|shr,,20|jpg,90"
